{"mean":{"confidence_interval":{"confidence_level":0.95,"lower_bound":4178772744.3525,"upper_bound":4186433968.498},"point_estimate":4182525500.96,"standard_error":1951002.8124448052},"median":{"confidence_interval":{"confidence_level":0.95,"lower_bound":4174365094.0,"upper_bound":4184715085.0},"point_estimate":4179239991.5,"standard_error":2774857.3955368632},"median_abs_dev":{"confidence_interval":{"confidence_level":0.95,"lower_bound":8090742.276960611,"upper_bound":18484343.341237307},"point_estimate":13631358.48429501,"standard_error":2749565.387014076},"slope":null,"std_dev":{"confidence_interval":{"confidence_level":0.95,"lower_bound":11274858.985501828,"upper_bound":16154579.35543011},"point_estimate":14008293.551869765,"standard_error":1238088.3641475071}}