{"mean":{"confidence_interval":{"confidence_level":0.95,"lower_bound":118319026.862,"upper_bound":119150133.8335},"point_estimate":118707910.36,"standard_error":212106.32553915432},"median":{"confidence_interval":{"confidence_level":0.95,"lower_bound":118230877.5,"upper_bound":118919352.0},"point_estimate":118479783.5,"standard_error":204999.23819052542},"median_abs_dev":{"confidence_interval":{"confidence_level":0.95,"lower_bound":690170.3028470278,"upper_bound":1610725.5221039057},"point_estimate":1293730.0804316998,"standard_error":256970.67097543718},"slope":null,"std_dev":{"confidence_interval":{"confidence_level":0.95,"lower_bound":972285.2757386399,"upper_bound":2090671.840877188},"point_estimate":1510515.164813401,"standard_error":311348.4901835005}}