{"mean":{"confidence_interval":{"confidence_level":0.95,"lower_bound":86616390.54875,"upper_bound":87238298.78400001},"point_estimate":86882844.02,"standard_error":160023.3745107293},"median":{"confidence_interval":{"confidence_level":0.95,"lower_bound":86439767.5,"upper_bound":86893951.25},"point_estimate":86630967.25,"standard_error":107600.61608901498},"median_abs_dev":{"confidence_interval":{"confidence_level":0.95,"lower_bound":331800.6850093603,"upper_bound":830248.201610148},"point_estimate":582739.2555043101,"standard_error":125528.50908863403},"slope":null,"std_dev":{"confidence_interval":{"confidence_level":0.95,"lower_bound":507166.70788423705,"upper_bound":1747710.4140249195},"point_estimate":1138345.084197661,"standard_error":378673.58790456265}}